Name,Number,Gender
Abagayle,217,female
Adessa,144,female
Adrianah,133,female
Adrianne,1158,female
Akira,367,male
Aliayah,116,female
Allia,123,female
Allison,131,male
Alonso,3220,male
Amalya,107,female
Ambree,173,female
Anaisa,127,female
Anders,1425,male
Andry,117,male
Angela,84,male
Antwone,665,male
Arcadio,89,male
Ashlee,8656,female
Ayan,261,female
Ayannah,327,female
Barrett,226,female
Blayke,288,male
Bohdan,136,male
Breezy,128,female
Bryler,55,male
Camarion,272,male
Carleigh,2093,female
Carmine,1239,male
Corrine,1000,female
Courtney,1528,male
Damion,5014,male
Deandra,105,male
Dejean,79,male
Demiya,117,female
Diamon,187,female
Diondre,407,male
Edwen,63,male
Eiden,78,male
Fanny,396,female
Gillian,5486,female
Hannan,133,female
Isaiah,92245,male
Jamarcus,1916,male
Janvi,163,female
Jasmin,16869,female
Javaun,134,male
Jillian,22762,female
Kalijah,100,male
Kamryn,1375,male
Karleigh,1592,female
Kendell,893,male
Kennedi,4476,female
Kerrigan,883,female
Kollyn,73,male
Kristoffer,392,male
Kyle,478,female
Kyleah,326,female
Latoria,190,female
Latron,87,male
Lazarus,707,male
Lyndi,281,female
Maayan,211,female
Maddalyn,187,female
Magic,71,male
Makenna,13997,female
Margo,882,female
Marilynn,260,female
Mariona,138,female
Markia,455,female
Martavius,223,male
Mateen,195,male
Maverik,101,male
Mckaylee,245,female
Mckenzy,450,female
Mickayla,666,female
Milca,256,female
Mirabel,183,female
Mirel,187,female
Monalisa,106,female
Moya,125,female
Naman,172,male
Ninah,107,female
Nour,868,female
Oaklee,180,female
Quavion,127,male
Raigan,381,female
Rayleigh,429,female
Roxanne,2147,female
Rylan,10231,male
Sintia,157,female
Sylvie,878,female
Tamika,370,female
Terion,117,male
Thania,584,female
Travaris,81,male
Treyveon,191,male
Walt,91,male
Wenceslao,67,male
Yannis,131,male
Zykeria,620,female
